[{
        "id": 1,
        "autor": "Eric Aparicio, Bernat Erta, Àlex Cuéllar"
        "titulo": "Cadira EPS",
        "srcimg": "img/fotoweb.jpg",
        "alt": "Aquí pots trobar el feed de la nostra página",
        "texto": "La nostra web representa la web d'una empresa especialitzada en cadires i butaques de Lleida la qual recull les dades de com es treballa a l'empresa i fa una breu introducció als valors, la visió i els objectius que té l'empresa. També es mostra diferents tipus de cadires que s'han fet i les seves ressenyes.",
        "url": "https://afrikiudl.github.io/practicawd/"
    }
]